HR5, ST19, GL9, WR15, CV36, B50, B21, B27, WV14,
HR3, ST20, GL13, WR6, CV37, B49, B42, B32, WV13,
HR2, ST17, GL11, WR13, CV35, B96, B23, B38, WV1,
HR9, ST15, GL12, WR14, CV23, B80, B24, B40, WV1,
HR8, ST21, GL15, WR8, CV31, B97, B35, B43, WV10,
HR1, ST14, GL16, WR10, CV34, B60, B36, B44, WV1,
HR4, ST10, GL14, WR11, CV32, B61, B34, B45, WV2,
HR6, ST11, GL17, WR12, CV33, B98, B33, B90, WV3,
HR7, ST12, GL18, WR7, CV8, B95, B37, B66, WV4, 
ST16, GL19, WR9, CV3, B94, B46, B70, WV5, 
DY15, ST18, GL10, WR3, CV23, B93, B76, B71, WV6,
DY12, ST21, GL5, WR1, CV22, B91, B78, B72, WV9,
DY13, GL6, WR1, CV21, B92, B75, B73, WV8, 
DY10, WS10, GL8, WR4, CV2, B48, B77, B74, WV7, 
DY11, WS1, GL3, WR5, CV1, B47, B79, WV15, 
DY7, WS5, GL53, WR14, CV6, B31, B1, TF13, WV16,
DY9, WS2, GL7, CV7, B30, B2, TF12, 
DY8, WS3, GL54, SY4, CV10, B29, B3, TF8, 
DY6, WS4, GL56, SY1, CV12, B28, B4, TF7, 
DY5, WS9, GL55, SY2, CV11, B62, B5, TF4, 
DY2, WS8, GL20, SY3, CV13, B63, B7, TF3, 
DY1, WS11, GL52, SY5, CV9, B64, B8, TF2, 
DY3, WS14, GL51, SY6, CV4, B65, B9, TF1, 
DY4, WS13, GL50, SY7, CV5, B69, B10, TF5,
WS15, GL1, SY8, CV9, B68, B11, TF6,
WS12, GL2, SY9, CV47, B67, B12, TF10,
WS6, GL4, B17, B13, TF9,
WS7, B66, B14, TF11,
B15, B16,
B18, B17,
B19, B22,
B6, B25,
B20, B26, 