TR1, TQ7, PL25, PL24, EX23, EX16, TA24, DT7, 
TR2, TQ8, PL26, EX22, EX18, TA22, 
TR3, TQ6, PL27, EX21, EX25, TA23, BS23,
TR4, TQ9, PL28, EX20, TA4, BS21,
TR5, TQ10, PL29, EX39, TA21, BS20,
TR6, TQ11, PL30, EX38, TA1, BS22,
TR7, TQ13, PL31, EX19, TA2, BS11,
TR8, TQ12, PL32, EX20, TA3, BS24,
TR9, TQ3, PL33, EX33, TA19, 
TR10, TQ4, PL34, EX34, TA20, 
TR11, TQ5, PL35, EX31, TA17, 
TR12, TQ2, PL13, EX32, TA18, 
TR13, TQ1, PL14, EX37, TA16, 
TR14, TQ14, PL15, EX18, TA13, 
TR15, PL17, EX17, TA12, 
TR16, PL12, EX6, TA14, 
TR17, PL11, EX36, TA10, 
TR18, PL10, EX17, TA11, 
TR19, PL1, EX4, TA5, 
TR20, PL2, EX2, TA6, 
TR21, PL3, EX7, TA7, 
TR26, PL4, EX8, TA8, 
TR27, PL5, EX3, TA9,
PL6, EX1, TA15,
PL7, EX5,
PL8, EX9,
PL9, EX10,
PL21, EX11,
PL20, EX14,
PL16, EX24,
PL18, EX12,
PL22, EX13,
PL23, EX6,
PL19, EX15, 