GU8, BN18, TN39, CT21, ME1, DA14, SS15, RM5, CM19,
GU10, BN17, TN40, CT18, ME2, DA15, SS16, RM6, CM18,
GU9, BN16, TN38, CT19, ME3, DA16, SS14, RM8, CM20,
GU11, BN12, TN37, CT20, ME6, DA7, SS17, RM9, CM16,
GU52, BN13, TN34, CT17, ME19, DA6, SS13, RM10, CM17,
GU51, BN14, TN35, CT16, ME20, DA5, SS12, RM7, CM5,
GU17, BN15, TN33, CT15, ME18, DA17, SS11, RM13, CM22,
GU46, BN11, TN32, CT14, ME15, DA18, SS6, RM2, CM23,
GU47, BN44, TN19, CT13, ME16, DA8, SS7, RM11, CM24,
GU14, BN43, TN18, CT12, ME14, DA1, SS8, RM12, CM6,
GU15, BN5, TN36, CT11, ME5, DA2, SS5, RM14, CM7,
GU16, BN6, TN31, CT10, ME17, DA9, SS4, RM15, CM3,
GU12, BN45, TN29, CT9, ME9, DA11, SS9, RM19, CM1,
GU3, BN3, TN28, CT8, ME8, DA3, SS0, RM20, CM77,
GU2, BN1, TN26, CT7, ME13, DA12, SS1, RM17, CM8,
GU1, BN2, TN25, CT6, ME12, DA13, SS4, RM18, CM2,
GU24, BN7, TN24, CT5, ME11, DA10, SS2, RM1, CM4,
GU18, BN10, TN23, CT4, ME10, DA4, SS3, RM3, CM11,
GU19, BN9, TN27, CT3, ME7, RM4, CM12,
GU20, BN8, TN17, CT2, ME4, EN5, IG1, RM16, CM13,
GU21, BN25, TN12, CT1, EN6, IG2, CM15,
GU22, BN26, TN2, SM7, EN4, IG3, CR0, CM14,
GU23, BN27, TN1, BR1, SM2, EN2, IG11, CR2, CM9,
GU4, BN21, TN9, BR2, SM5, EN7, IG4, CR3, CM0,
GU5, BN22, TN10, BR3, SM6, EN8, IG5, CR4, 
GU6, BN23, TN11, BR4, SM3, EN1, IG6, CR5,
BN24, TN15, BR5, SM4, EN3, IG7, CR6,
BN41, TN13, BR6, SM1, EN9, IG8, CR7,
BN42, TN14, BR7, EN10, IG9, CR8,
TN16, BR8, EN11, IG10,
KT16, TW17, UB9, WD3, N20, W7, WC1, SW14, SE1,
KT15, TW18, UB10, WD4, N12, W13, WC2, SW1, SE11,
KT14, TW20, UB8, WD18, N3, W5, W1U, SW15, SE17,
KT13, TW19, UB3, WD17, N2, W3, W1H, SW13, SE5,
KT11, TW6, UB4, WD5, N6, W4, W1C, SW6, SE24,
KT24, TW14, UB5, WD25, N19, W12, W1K, SW5, SE21,
KT23, TW16, UB6, WD24, N7, W6, W1J, SW10, SE27,
KT21, TW12, UB1, WD23, N1, W14, W1S, SW7, SE19,
KT18, TW11, UB2, WD6, N5, W8, W1G, SW3, SE25,
KT20, TW10, UB7, WD7, N16, W11, W1B, SW11, SE20,
KT17, TW1, WD5, N4, W10, W1W, SW8, SE26,
KT19, TW2, HA0, N15, W9, W1T, SW4, SE23,
KT4, TW3, HA9, NW1, N17, W2, W1F, SW2, SE22,
KT3, TW7, HA8, NW8, N18, W1, W1D, SW9, SE15,
KT2, TW8, HA7, NW6, N9, WC1H, SW17, SE14,
KT1, TW9, HA5, NW2, N21, WC1X, SW19, SE16,
KT5, TW10, HA6, NW10, N14, WC1N, SW20, SE8,
KT6, TW5, HA5, NW9, N11, WC1E, SW16, SE4,
KT7, TW6, HA4, NW7, N13, WC1B, SW12, SE3,
KT8, TW18, HA2, NW4, N12, WC1R, SW18, SE6,
KT10, TW13, HA1, NW11, N8, WC1A, SW2, SE12,
KT12, TW4, NW3, N10, WC1V, SW4, SE7,
KT9, TW15, NW5, N11, WC2H, SW1A, SE13,
KT19, N20, WC2A, SW1E, SE18,
KT22, N21, WC2B, SW1H, SE2,
N22, WC2E, SW1P, SE28,
N1C, WC2R, SW1V, SE10,
WC2N, SW1W, SE9,
SW1X, SE1,
SW1Y,
E4, EC1, SL5, HP10, RH20, SG13, MK12, NN17,
E17, EC2, SL4, HP11, RH14, SG12, MK8, NN18,
E18, EC3, SL6, HP12, RH13, SG14, MK5, NN14,
E11, EC4, SL7, HP13, RH17, SG3, MK4, NN9,
E10, EC1R, SL1, HP15, RH15, SG1, MK2, NN8,
E5, EC1N, SL2, HP7, RH16, SG2, MK3, NN15,
E8, EC4A, SL3, HP6, RH18, SG11, MK1, NN16,
E2, EC4Y, SL0, HP16, RH19, SG9, MK7, NN3,
E1, EC1V, SL2, HP5, RH7, SG4, MK6, NN1,
E1W, EC1M, SL9, HP4, RH8, SG5, MK9, NN2,
E14, EC1A, SL5, HP1, RH9, SG17, MK10, NN4,
E16, EC4M, HP2, RH1, SG16, MK11, NN5,
E13, EC4V, AL2, HP23, RH6, SG15, MK14, NN6,
E6, EC1Y, AL1, HP22, RH2, SG18, MK13, NN7,
E15, EC2Y, AL3, HP21, RH3, SG19, MK15, NN11,
E7, EC2V, AL5, HP20, RH5, SG7, MK16, NN12,
E12, EC2R, AL4, HP19, RH4, SG8, MK17, NN13,
E11, EC4N, AL10, HP17, RH12, SG9, MK18, NN10,
E18, EC4R, AL9, HP18, SG6, MK19, NN15,
E20, EC2A, AL8, SG10, MK46, NN16,
EC2M, AL7, LU1, MK43, NN29,
EC2N, AL6, LU2, MK40, 
EC3V, U3, MK42,
EC3A, LU4, MK41,
EC3M, LU5, MK44,
EC3N, LU6, MK46,
EC3R, LU7, MK45, 
