IP9, CB1, NR16, NR9, PE19, 
CO1, 
IP11, CB2, NR17, NR28, PE29, 
CO15, 
IP10, CB3, NR18, PE27, 
CO13, 
IP3, CB4, NR19, PE28, 
CO14, 
IP2, CB5, NR20, PE8,
CO12, 
IP1, CB23, NR21, PE7, 
CO16, 
IP4, CB22, NR22, PE2, 
CO11, 
IP5, CB21, NR23, PE5, 
CO7, 
IP6, CB10, NR24, PE3, 
CO5, 
IP7, CB11, NR25, PE1, 
CO2, 
IP8, CB9, NR26, PE4, 
CO3, 
IP12, CB8, NR27, PE6,
CO4, 
IP15, CB7, NR11, PE16, 
CO8, 
IP16, CB6, NR28, PE15, 
CO6, 
IP17, CB24, NR12, PE13, 
CO9, 
IP18, CB25, NR10, PE14, 
CO10, 
IP19, NR29, PE12,
IP13, NR30, PE34,
IP14, NR31, PE33,
IP21, NR32, PE38,
IP20, NR33, PE37,
IP23, NR34, PE32,
IP24, NR35, PE30,
IP25, NR15, PE31,
IP26, NR14, PE36,
IP27, NR13, 
IP14, NR1, 
IP22, NR4, 
IP31, NR7, 
IP30, NR2, 
IP33, NR3, 
IP32, NR5, 
IP29, NR6, 
IP28, NR8, 
