SK9, M90, M2, WA16, L24, L16, PR8,
SK8, M22, M3, WA15, L19, L35, PR9,
SK3, M23, M4, WA14, L18, L33, PR26,
SK2, M20, M7, WA13, L17, L39, PR25,
SK1, M19, M11, WA3, L9, L40, PR7,
SK4, M18, M12, WA2, L8, L10, PR6,
SK5, M34, M13, WA1, L1, L13, PR5,
M43, M14, WA5, L2, L25, PR1,
BL1, M35, M17, WA12, L3, L29, PR2,
BL2, M40, M34, WA9, L4, L30, 
BL3, M9, M35, WA8, L7, L31, 
BL4, M24, M40, WA10, L6, L67, 
BL5, M8, M41, WA11, L5, L68, 
BL6, M25, M43, WA4, L4, L69, 
BL7, M45, M45, WA6, L20, L70, 
BL8, M26, M50, WA7, L21, L71, 
BL9, M27, M60, L22, L72, 
BL10, M6, M61, L23, L73,
M5, M90, L38, L74,
M15, M99, L37, L75,
M16, L39,
M21, L11, WN1,
M32, L32, WN2,
M33, L33, WN3,
M41, L34, WN4,
M30, L28, WN5,
M31, L36, WN6,
M28, L27, WN7,
M44, L26, WN8,
M29, L12,
M46, L11,
M38, L14,
M1, L15, 
