LL35, LL69, CH8, CW6, ST5, 
SY20, LL36, LL70, CH7, CW5, ST7, 
SY21, LL37, LL71, CH6, CW4, ST6, 
SY22, LL38, LL72, CH5, CW3, ST8, 
SY10, LL39, LL73, CH4, CW2, ST1, 
SY11, LL40, LL74, CH3, CW1, ST2, 
SY12, LL41, LL75, CH2, CW11, ST4, 
SY13, LL42, LL76, CH1, CW10, ST3, 
SY14, LL43, LL77, CH66, CW12, ST13,
LL44, LL78, CH65, CW7, ST9
LL45, LL11, CH64, CW8,
LL46, LL12, CH63, CW9,
LL47, LL13, CH62,
LL48, LL14, CH61,
LL49, LL15, CH60,
LL51, LL16, CH41,
LL52, LL17, CH42,
LL53, LL18, CH43,
LL54, LL19, CH44,
LL55, LL20, CH45,
LL56, LL21, CH46,
LL57, LL22, CH47,
LL58, LL23, CH48,
LL59, LL24, CH49,
LL60, LL25,
LL61, LL26,
LL62, LL27,
LL63, LL28,
LL64, LL29,
LL65, LL30,
LL66, LL31,
LL67, LL32,
LL68, LL33,
LL34, 