SA71, SA48, CF63, CF33, NP10, LD3, SY25, 
SA73, SA47, CF64, CF36, NP11, LD4, SY23, 
SA61, SA46, CF10, CF47, NP12, LD5, SY24, 
SA62, SA19, CF11, CF39, NP22, LD6, SY18, 
SA64, SA18, CF24, CF48, NP23, LD2, SY19, 
SA65, SA20, CF3, CF62, NP8, LD1, SY17, 
SA42, SA9, CF5, CF81, NP13, LD8, SY16, 
SA41, SA10, CF83, NP7, LD7, SY21, 
SA66, SA11, CF23, NP8, 
SA63, SA8, CF14, NP4, 
SA67, SA5, CF15, NP20, 
SA68, SA6, CF38, NP44, 
SA70, SA7, CF83, NP18, 
SA72, SA1, CF82, NP19, 
SA60, SA12, CF46, NP15, 
SA43, SA13, CF81, NP26, 
SA37, SA31, CF37, NP16, 
SA35, SA36, CF38, NP25, 
SA34, SA39, CF72, NP24, 
SA33, SA43, CF71, 
SA38, SA45, CF61, 
SA44, SA69, CF35, 
SA39, SA80, CF40, 
SA32, CF45, 
SA17, CF44, 
SA16, CF43, 
SA15, CF42, 
SA3, CF40, 
SA2, CF41, 
SA4, CF32, 
SA14, CF35, 
SA32, CF31, 
SA40, CF34, 
