DT1, BA20, SP8, BH20, SO41, RG25, PO14, PO30,
DT2, BA21, SP7, BH19, SO42, RG28, PO15, PO31,
DT5, BA22, SP3, BH16, SO45, RG23, PO16, PO32,
DT6, BA7, SP2, BH15, SO43, RG22, PO12, PO33,
DT8, BA8, SP4, BH13, SO40, RG29, PO1, PO34 
DT3, BA9, SP5, BH15, SO51, RG27, PO2, PO35 
DT4, BA10, SP6, BH17, SO14, RG26, PO4, PO36,
DT11, BA4, SP9, BH12, SO15, RG19, PO3, PO37,
DT9, BA6, SP11, BH14, SO16, RG14, PO6, PO38,
DT10, BA16, SP10, BH11, SO52, RG20, PO7, PO39 ,
BA5, SP9, BH22, SO19, RG17, PO8, PO40, 
SN8, BA11, SP1, BH31, SO30, RG14, PO18, PO41, 
SN9, BA13, BH24, SO18, RG18, PO19,
SN10, BA14, GU28, BH23, SO50, RG8, PO20,
SN12, BA15, GU29, BH25, SO22, RG31, PO21,
SN11, BA1, GU30, BH1, SO23, RG30, PO22,
SN13, BA2, GU31, BH2, SO32, RG1, PO9,
SN14, BA3, GU32, BH3, SO21, RG2, PO10,
SN16, BA12, GU33, BH4, SO32, RG4, PO5,
SN5, GU34, BH5, SO17, RG6, PO11,
SN6, GU35, BH6, SO19, RG5, PO13,
SN7, GU26, BH7, SO20, RG41, PO17,
SN11, GU27, BH8, SO24, RG40,
SN4, BH9, SO25, RG41,
SN15, BH10, SO31, RG12,
SN1, BH18, SO50, RG42,
SN2, BH21, SO52, RG10,
SN3, SO53, RG9,
SN25, RG4,
SN26,
SN4,
SN7,
SN38, 
OX12, BS28, BS8,
OX11, BS26, BS9,
OX10, BS27, BS11,
OX49, BS40, BS13,
OX39, BS39, BS20,
OX9, BS31, BS32,
OX44, BS30, BS34,
OX33, BS19, BS35,
OX4, BS36, BS48,
OX14, BS37, BS49,
OX13, BS32, 
OX1, BS35, 
OX2, BS34, 
OX29, BS10, 
OX28, BS48, 
OX18, BS25, 
OX7, BS29, 
OX15, BS49, 
OX16, BS14, 
OX17, BS4, 
OX26, BS15, 
OX5, BS5, 
OX3, BS3, 
OX26, BS9, 
OX27, BS10, 
OX25, BS34, 
OX49, BS7,
BS16,
BS1,
BS2,
BS4,
BS6,
BS7, 
