LE10, PE9, NG10, DE12, LN1, DN12, DN38, S36, S75,
LE17, PE10, NG11, DE11, LN2, DN5, DN39, S35, S1,
LE8, PE11, NG12, DE15, LN3, DN1, DN40, S33, S2,
LE9, PE20, NG13, DE14, LN4, DN2, DN41, S32, S3,
LE16, PE21, NG14, DE13, LN5, DN3, S10, S4,
LE15, PE22, NG1, DE65, LN6, DN4, WF9, S11, S5,
LE14, PE23, NG2, DE73, LN7, DN6, WF8, S17, S6,
LE13, PE24, NG3, DE74, LN8, DN7, WF11, S18, S7,
LE7, PE25, NG4, DE75, LN9, DN8, WF10, S42, S8,
LE1, NG5, DE72, LN10, DN9, WF7, S45, S9,
LE2, HD1, NG6, DE24, LN11, DN10, WF6, S40, S12,
LE18, HD2, NG7, DE21, LN12, DN11, WF4, S41, S13,
LE5, HD3, NG8, DE23, LN13, DN14, WF5, S44, S14,
LE4, HD4, NG9, DE24, DN16, WF2, S43, S80,
LE3, HD5, NG16, DE22, HX1, DN17, WF3, S21, S81,
LE19, HD6, NG15, DE7, HX2, DN22, WF6, S20, 
LE6, HD7, NG17, DE75, HX3, DN21, WF1, S25, HG1,
LE67, HD8, NG18, DE5, HX4, DN20, WF5, S26, HG2,
LE65, HD9, NG19, DE6, HX5, DN15, WF12, S80, HG3,
LE11, NG20, DE56, HX6, DN18, WF13, S81, HG4,
LE12, NG21, DE4, HX7, DN19, WF17, S25, HG5,
LE21, NG22, DE3, DN39, WF16, S66, 
LE41, NG23, DE45, DN40, WF15, S65, 
LE55, NG24, DE55, DN41, WF14, S60,
NG25, DE1, DN37, S61,
NG31, DN33, S62,
NG32, DN34, S63,
NG33, DN32, S64,
NG34, DN21, S74,
DN31, S73,
DN35, S72,
DN36, S71,
DN37, S70,
LS29, HU15, YO8, BD18, OL3, SK17,
LS28, HU14, YO43, BD19, OL4, SK23,
LS21, HU10, YO42, BD12, OL5, SK13,
LS20, HU13, YO41, BD11, OL6, SK15,
LS19, HU4, YO25, BD4, OL7, SK16,
LS18, HU3, YO16, BD5, OL8, SK14,
LS13, HU5, YO15, BD6, OL9, SK6,
LS28, HU6, YO14, BD7, OL1, SK12,
LS12, HU7, YO11, BD14, OL2, SK7,
LS13, HU8, YO12, BD8, OL16, 
LS27, HU9, YO13, BD1, OL14, 
LS11, HU12, YO18, BD2, OL13, 
LS10, HU19, YO22, BD3, OL12, 
LS9, HU11, YO21, BD10, OL11, 
LS8, HU18, YO62, BD17, OL10, 
LS14, HU17, YO60, DB9, 
LS15, HU16, YO7, BD16, 
LS16, HG20, YO51, BD15, 
LS17, HU1, YO61, BD13, 
LS26, HU2, YO30, BD21, 
LS25, YO24, BD1, 
LS24, YO10, BD2, 
LS23, YO31, BD3, 
LS22, YO32, BD20, 
LS1, YO1, BD21, 
LS2, YO17, BD22, 
LS3, YO19, 
LS4, YO23, 
LS5, YO26, 
LS6, YO30, 
LS7, YO60,
YO61, LS29, HU15, YO8, BD18, OL3, SK17,
LS28, HU14, YO43, BD19, OL4, SK23,
LS21, HU10, YO42, BD12, OL5, SK13,
LS20, HU13, YO41, BD11, OL6, SK15,
LS19, HU4, YO25, BD4, OL7, SK16,
LS18, HU3, YO16, BD5, OL8, SK14,
LS13, HU5, YO15, BD6, OL9, SK6,
LS28, HU6, YO14, BD7, OL1, SK12,
LS12, HU7, YO11, BD14, OL2, SK7,
LS13, HU8, YO12, BD8, OL16, 
LS27, HU9, YO13, BD1, OL14, 
LS11, HU12, YO18, BD2, OL13, 
LS10, HU19, YO22, BD3, OL12, 
LS9, HU11, YO21, BD10, OL11, 
LS8, HU18, YO62, BD17, OL10, 
LS14, HU17, YO60, DB9, 
LS15, HU16, YO7, BD16, 
LS16, HG20, YO51, BD15, 
LS17, HU1, YO61, BD13, 
LS26, HU2, YO30, BD21, 
LS25, YO24, BD1, 
LS24, YO10, BD2, 
LS23, YO31, BD3, 
LS22, YO32, BD20, 
LS1, YO1, BD21, 
LS2, YO17, BD22, 
LS3, YO19, 
LS4, YO23, 
LS5, YO26, 
LS6, YO30, 
LS7, YO60,
YO61, 